title,company,location,url
Business Consulting Working Student,Mirakl,"Munich, Bavaria, Germany",https://www.arbeitnow.com/jobs/companies/mirakl/business-consulting-working-student-munich-246810
Store Manager (WM),Wolt - English,"Stuttgart, Baden-Württemberg, Germany",https://www.arbeitnow.com/jobs/companies/wolt-english/store-manager-wm-stuttgart-350562
Controller / Betriebswirt (m/w/d),ODAV AG,Straubing,https://www.arbeitnow.com/jobs/companies/odav-ag/controller-betriebswirt-straubing-352855
Bachelorarbeit im Bereich KI-Automatisierung: Intelligenter Anrufbeantworter für IT-LV (m/w/d),copuNET GmbH,Eltville,https://www.arbeitnow.com/jobs/companies/copunet-gmbh/bachelorarbeit-im-bereich-ki-automatisierung-intelligenter-anrufbeantworter-fur-it-lv-eltville-148064
Bachelorarbeit im Bereich KI: Wissensmanagement (m/w/d),copuNET GmbH,Eltville,https://www.arbeitnow.com/jobs/companies/copunet-gmbh/bachelorarbeit-im-bereich-ki-wissensmanagement-eltville-7196
Debitorenbuchhalter (m/w/d),MY Humancapital GmbH,Munich,https://www.arbeitnow.com/jobs/companies/my-humancapital-gmbh/debitorenbuchhalter-munich-238330
Debitorenbuchhalter (m/w/d),MY Humancapital GmbH,Hamburg,https://www.arbeitnow.com/jobs/companies/my-humancapital-gmbh/debitorenbuchhalter-hamburg-119262
IT-Support (m/w/d),MY Humancapital GmbH,Munich,https://www.arbeitnow.com/jobs/companies/my-humancapital-gmbh/it-support-munich-957
(Junior) Finance Manager (m/w/d),MY Humancapital GmbH,Munich,https://www.arbeitnow.com/jobs/companies/my-humancapital-gmbh/junior-finance-manager-munich-147992
Haustechniker (m/w/d),MY Humancapital GmbH,Karlsruhe,https://www.arbeitnow.com/jobs/companies/my-humancapital-gmbh/haustechniker-karlsruhe-268042
HR-Spezialist (m/w/d),MY Humancapital GmbH,Munich,https://www.arbeitnow.com/jobs/companies/my-humancapital-gmbh/hr-spezialist-munich-288841
IT-Sicherheitsbeauftragter (m/w/d),MY Humancapital GmbH,Bonn,https://www.arbeitnow.com/jobs/companies/my-humancapital-gmbh/it-sicherheitsbeauftragter-bonn-91992
Softwareentwickler (m/w/d),MY Humancapital GmbH,Lüdenscheid,https://www.arbeitnow.com/jobs/companies/my-humancapital-gmbh/softwareentwickler-ludenscheid-58265
Projektcontroller (m/w/d),MY Humancapital GmbH,Paderborn,https://www.arbeitnow.com/jobs/companies/my-humancapital-gmbh/projektcontroller-paderborn-299249
SAP Solution Manager HCM/SF (m/w/d),MY Humancapital GmbH,Munich,https://www.arbeitnow.com/jobs/companies/my-humancapital-gmbh/sap-solution-manager-hcm-sf-munich-277813
Controller (m/w/d) im Öffentlichen Dienst,MY Humancapital GmbH,Munich,https://www.arbeitnow.com/jobs/companies/my-humancapital-gmbh/controller-im-offentlichen-dienst-munich-397109
Bautechniker (m/w/d),MY Humancapital GmbH,Munich,https://www.arbeitnow.com/jobs/companies/my-humancapital-gmbh/bautechniker-munich-428739
Technische Objektbetreuung (m/w/d),MY Humancapital GmbH,Munich,https://www.arbeitnow.com/jobs/companies/my-humancapital-gmbh/technische-objektbetreuung-munich-87183
Mitarbeiter (m/w/d) – Inhouse-Catering,MY Humancapital GmbH,Munich,https://www.arbeitnow.com/jobs/companies/my-humancapital-gmbh/mitarbeiter-inhouse-catering-munich-12805
Personalsachbearbeiter (m/w/d),MY Humancapital GmbH,Bremen,https://www.arbeitnow.com/jobs/companies/my-humancapital-gmbh/personalsachbearbeiter-bremen-157092
IT-Systemadministrator (m/w/d),MY Humancapital GmbH,Munich,https://www.arbeitnow.com/jobs/companies/my-humancapital-gmbh/it-systemadministrator-munich-69323
Mitarbeiter (m/w/d) Kundenservice,MY Humancapital GmbH,Ismaning,https://www.arbeitnow.com/jobs/companies/my-humancapital-gmbh/mitarbeiter-kundenservice-ismaning-465302
Softwareentwickler (m/w/d),MY Humancapital GmbH,Munich,https://www.arbeitnow.com/jobs/companies/my-humancapital-gmbh/softwareentwickler-munich-300691
Junior Controller (m/w/d),MY Humancapital GmbH,Erding,https://www.arbeitnow.com/jobs/companies/my-humancapital-gmbh/junior-controller-erding-175362
Projektcontroller (m/w/d),MY Humancapital GmbH,Freising,https://www.arbeitnow.com/jobs/companies/my-humancapital-gmbh/projektcontroller-freising-151730
Marketing-Manager (m/w/d),MY Humancapital GmbH,Erlangen,https://www.arbeitnow.com/jobs/companies/my-humancapital-gmbh/marketing-manager-erlangen-238230
Automatisierungsingenieur (m/w/d),MY Humancapital GmbH,Mainz,https://www.arbeitnow.com/jobs/companies/my-humancapital-gmbh/automatisierungsingenieur-mainz-447499
Qualitätsingenieur (m/w/d),MY Humancapital GmbH,Gilching,https://www.arbeitnow.com/jobs/companies/my-humancapital-gmbh/qualitatsingenieur-gilching-494240
HR Specialist (m/w/d) - Projekte & Prozesse,MY Humancapital GmbH,Munich,https://www.arbeitnow.com/jobs/companies/my-humancapital-gmbh/hr-specialist-projekte-prozesse-munich-251088
Mitarbeiter (m/w/d) Customer Service,MY Humancapital GmbH,Grasbrunn,https://www.arbeitnow.com/jobs/companies/my-humancapital-gmbh/mitarbeiter-customer-service-grasbrunn-238502
Qualitätsingenieur (m/w/d),MY Humancapital GmbH,Grasbrunn,https://www.arbeitnow.com/jobs/companies/my-humancapital-gmbh/qualitatsingenieur-grasbrunn-357200
SAP Solution Architect (m/w/d),MY Humancapital GmbH,Munich,https://www.arbeitnow.com/jobs/companies/my-humancapital-gmbh/sap-solution-architect-munich-423675
Sachbearbeiter (m/w/d) im Controlling,MY Humancapital GmbH,Rostock,https://www.arbeitnow.com/jobs/companies/my-humancapital-gmbh/sachbearbeiter-im-controlling-rostock-284902
Technischer Produktmanager (m/w/d),MY Humancapital GmbH,Munich,https://www.arbeitnow.com/jobs/companies/my-humancapital-gmbh/technischer-produktmanager-munich-308912
Telefonischer Kundenberater (m/w/d) – 100% Inbound,MY Humancapital GmbH,Munich,https://www.arbeitnow.com/jobs/companies/my-humancapital-gmbh/telefonischer-kundenberater-100-inbound-munich-59643
Techniker (m/w/d),MY Humancapital GmbH,Munich,https://www.arbeitnow.com/jobs/companies/my-humancapital-gmbh/techniker-munich-115089
Projektingenieur (m/w/d),MY Humancapital GmbH,Munich,https://www.arbeitnow.com/jobs/companies/my-humancapital-gmbh/projektingenieur-munich-271510
Sachbearbeiter (m/w/d) Reisekostenabrechnung,MY Humancapital GmbH,Munich,https://www.arbeitnow.com/jobs/companies/my-humancapital-gmbh/sachbearbeiter-reisekostenabrechnung-munich-333166
Personalsachbearbeiter (m/w/d) - Payroll,MY Humancapital GmbH,Munich,https://www.arbeitnow.com/jobs/companies/my-humancapital-gmbh/personalsachbearbeiter-payroll-munich-177986
Betriebskostenabrechner (m/w/d),MY Humancapital GmbH,Munich,https://www.arbeitnow.com/jobs/companies/my-humancapital-gmbh/betriebskostenabrechner-munich-130844
Call Center Agent (m/w/d),MY Humancapital GmbH,Munich,https://www.arbeitnow.com/jobs/companies/my-humancapital-gmbh/call-center-agent-munich-238008
Auftragskoordinator (m/w/d),MY Humancapital GmbH,Munich,https://www.arbeitnow.com/jobs/companies/my-humancapital-gmbh/auftragskoordinator-munich-291134
IT Administrator (m/w/d),MY Humancapital GmbH,Munich,https://www.arbeitnow.com/jobs/companies/my-humancapital-gmbh/it-administrator-munich-226140
SAP Applikationsexperte (m/w/d),MY Humancapital GmbH,Munich,https://www.arbeitnow.com/jobs/companies/my-humancapital-gmbh/sap-applikationsexperte-munich-105266
Elektroniker (m/w/d),MY Humancapital GmbH,Munich,https://www.arbeitnow.com/jobs/companies/my-humancapital-gmbh/elektroniker-munich-115107
Techniker (m/w/d),MY Humancapital GmbH,Munich,https://www.arbeitnow.com/jobs/companies/my-humancapital-gmbh/techniker-munich-495948
Systemingenieur (m/w/d),MY Humancapital GmbH,Munich,https://www.arbeitnow.com/jobs/companies/my-humancapital-gmbh/systemingenieur-munich-482759
Technischen Projektingenieur  (m/w/d),MY Humancapital GmbH,Munich,https://www.arbeitnow.com/jobs/companies/my-humancapital-gmbh/technischen-projektingenieur-munich-364479
KfZ-Mechaniker (m/w/d),MY Humancapital GmbH,Munich,https://www.arbeitnow.com/jobs/companies/my-humancapital-gmbh/kfz-mechaniker-munich-202798
Industriemechaniker (m/w/d),MY Humancapital GmbH,Munich,https://www.arbeitnow.com/jobs/companies/my-humancapital-gmbh/industriemechaniker-munich-407047
Junior Recruiter (m/w/d),MY Humancapital GmbH,Munich,https://www.arbeitnow.com/jobs/companies/my-humancapital-gmbh/junior-recruiter-munich-115420
SAP Administrator (m/w/d),MY Humancapital GmbH,Munich,https://www.arbeitnow.com/jobs/companies/my-humancapital-gmbh/sap-administrator-munich-335117
Operations Manager (m/w/d/x),ucm.agency,Berlin,https://www.arbeitnow.com/jobs/companies/ucmagency/operations-manager-x-berlin-311659
Business Development Representative (f/m/d),Apaleo,"Munich, Bavaria, Germany",https://www.arbeitnow.com/jobs/companies/apaleo/business-development-representative-munich-73184
Freelancer Medical Customer Service Representative - Germany (German),Clariness,"Berlin, Berlin, Germany",https://www.arbeitnow.com/jobs/companies/clariness/freelancer-medical-customer-service-representative-germany-german-berlin-11156
Wir stellen ein:  Trocknungsmonteur / Servicetechniker als Trocknungstechniker,SRT Friedrich GmbH,Sandhausen,https://www.arbeitnow.com/jobs/companies/srt-friedrich-gmbh/wir-stellen-ein-trocknungsmonteur-servicetechniker-als-trocknungstechniker-sandhausen-440639
"Trocknungstechniker, Servicetechniker (mwd) Schadensanierung",SRT Friedrich GmbH,Heilbronn,https://www.arbeitnow.com/jobs/companies/srt-friedrich-gmbh/trocknungstechniker-servicetechniker-mwd-schadensanierung-heilbronn-491926
"Allround-Handwerker, Servicetechniker (m/w/d) Schadensanierung",SRT Friedrich GmbH,Wiesbaden,https://www.arbeitnow.com/jobs/companies/srt-friedrich-gmbh/allround-handwerker-servicetechniker-schadensanierung-wiesbaden-416440
Wir stellen ein: Trocknungsmonteur / Servicetechniker als Trocknungstechniker,SRT Friedrich GmbH,Heilbronn,https://www.arbeitnow.com/jobs/companies/srt-friedrich-gmbh/wir-stellen-ein-trocknungsmonteur-servicetechniker-als-trocknungstechniker-heilbronn-499736
Jobangebot: Servicetechniker Trocknung / Trocknungstechniker (m/w/d),SRT Friedrich GmbH,Sandhausen,https://www.arbeitnow.com/jobs/companies/srt-friedrich-gmbh/jobangebot-servicetechniker-trocknung-trocknungstechniker-sandhausen-164181
Jobangebot: Servicetechniker Trocknung / Trocknungstechniker (m/w/d),SRT Friedrich GmbH,Heilbronn,https://www.arbeitnow.com/jobs/companies/srt-friedrich-gmbh/jobangebot-servicetechniker-trocknung-trocknungstechniker-heilbronn-133299
Lohnbuchhalter:in (m/w/d),Das Kontaktwerk (DKW Consulting GmbH),Lüneburg,https://www.arbeitnow.com/jobs/companies/das-kontaktwerk-dkw-consulting-gmbh/lohnbuchhalterin-luneburg-497442
"Steuerberater (m/w/d) in Würzburg , auf Wunsch mit Partnerperspektive, gesucht - mindestens 90.000€",Taxtalente.de,Würzburg,https://www.arbeitnow.com/jobs/companies/taxtalentede/steuerberater-in-wurzburg-auf-wunsch-mit-partnerperspektive-gesucht-mindestens-90000eur-261559
Supplier Quality Process Manager (w/m/d),Berata GmbH,Munich,https://www.arbeitnow.com/jobs/companies/berata-gmbh/supplier-quality-process-manager-munich-1122
Mitarbeiter Logistik und Rechnungen (m/w/d)  Berlin + Remote,ShaarConsulting,Berlin,https://www.arbeitnow.com/jobs/companies/shaarconsulting/mitarbeiter-logistik-und-rechnungen-berlin-remote-330312
Abteilungsleiterin Betriebsorganisation (gn),Projekt 3T GmbH,Hamburg,https://www.arbeitnow.com/jobs/companies/projekt-3t-gmbh/abteilungsleiterin-betriebsorganisation-gn-hamburg-361989
"Steuerberater (m/w/d) in Augsburg, auf Wunsch mit Partnerperspektive, gesucht - mindestens 90.000€",Taxtalente.de,Augsburg,https://www.arbeitnow.com/jobs/companies/taxtalentede/steuerberater-in-augsburg-auf-wunsch-mit-partnerperspektive-gesucht-mindestens-90000eur-84332
DevOps Engineer (m/w/d) MongoDB und Kubernetes - Remote,ShaarConsulting,Berlin,https://www.arbeitnow.com/jobs/companies/shaarconsulting/devops-engineer-mongodb-und-kubernetes-remote-berlin-126352
Full Stack Engineer (TypeScript),IOTA Foundation,Berlin,https://www.arbeitnow.com/jobs/companies/iota-foundation/full-stack-engineer-typescript-berlin-350390
PC Techniker (m/w/d) IT-Systeme,ShaarConsulting,Berlin,https://www.arbeitnow.com/jobs/companies/shaarconsulting/pc-techniker-it-systeme-berlin-484298
Rollout Techniker (m/w/d) 55.000 EUR/Jahr deutschlandweite Einsätze,ShaarConsulting,Berlin,https://www.arbeitnow.com/jobs/companies/shaarconsulting/rollout-techniker-55000-eur-jahr-deutschlandweite-einsatze-berlin-234355
Ressourcenmanager (m/w/d) Projekt- und Portfoliosteuerung (m/w/d),ShaarConsulting,Stuttgart,https://www.arbeitnow.com/jobs/companies/shaarconsulting/ressourcenmanager-projekt-und-portfoliosteuerung-stuttgart-94507
Netzwerktechnik (m/w/d) Hamburg & Remote,ShaarConsulting,Hamburg,https://www.arbeitnow.com/jobs/companies/shaarconsulting/netzwerktechnik-hamburg-remote-187801
"Steuerberater (m/w/d) in Neuried, auf Wunsch mit Partnerperspektive, gesucht - mindestens 90.000€",Taxtalente.de,Neuried,https://www.arbeitnow.com/jobs/companies/taxtalentede/steuerberater-in-neuried-auf-wunsch-mit-partnerperspektive-gesucht-mindestens-90000eur-45044
IT Techniker (m/w/d) Windows-Umfeld - Jahresgehalt: 50.000 EUR,ShaarConsulting,Berlin,https://www.arbeitnow.com/jobs/companies/shaarconsulting/it-techniker-windows-umfeld-jahresgehalt-50000-eur-berlin-22613
Digital Marketing Specialist (Video + Social Focus),ai|coustics,Berlin,https://www.arbeitnow.com/jobs/companies/aicoustics/digital-marketing-specialist-video-social-focus-berlin-371150
"Steuerberater (m/w/d) in Unterhaching, auf Wunsch mit Partnerperspektive, gesucht - mindestens 90.000€",Taxtalente.de,Unterhaching,https://www.arbeitnow.com/jobs/companies/taxtalentede/steuerberater-in-unterhaching-auf-wunsch-mit-partnerperspektive-gesucht-mindestens-90000eur-423153
"Steuerberater (m/w/d) in Karlsfeld , auf Wunsch mit Partnerperspektive, gesucht - mindestens 90.000€",Taxtalente.de,Karlsfeld,https://www.arbeitnow.com/jobs/companies/taxtalentede/steuerberater-in-karlsfeld-auf-wunsch-mit-partnerperspektive-gesucht-mindestens-90000eur-55461
Working Student Frontend Development (with basic backend integration),First Bananas GmbH,Berlin,https://www.arbeitnow.com/jobs/companies/first-bananas-gmbh/working-student-frontend-development-with-basic-backend-integration-berlin-274888
"Steuerberater (m/w/d) in München, auf Wunsch mit Partnerperspektive, gesucht - mindestens 90.000€",Taxtalente.de,Munich,https://www.arbeitnow.com/jobs/companies/taxtalentede/steuerberater-in-munchen-auf-wunsch-mit-partnerperspektive-gesucht-mindestens-90000eur-munich-347816
Operations Specialist,Wolt - English,"Berlin, Berlin, Germany",https://www.arbeitnow.com/jobs/companies/wolt-english/operations-specialist-berlin-85945
UI Engineer (TypeScript + React) / fully remote / industry leader,neoBIM GmbH,Karlsruhe,https://www.arbeitnow.com/jobs/companies/neobim-gmbh/ui-engineer-typescript-react-fully-remote-industry-leader-karlsruhe-446269
Resident Manager (d/w/m),Precise hotels and Resorts,Rheinsberg,https://www.arbeitnow.com/jobs/companies/precise-hotels-and-resorts/resident-manager-rheinsberg-390356
HR Specialist (d/w/m),Precise hotels and Resorts,Rheinsberg,https://www.arbeitnow.com/jobs/companies/precise-hotels-and-resorts/hr-specialist-rheinsberg-243772
AI Consultant (German Speaker),Global Market Solutions GmbH,Frankfurt,https://www.arbeitnow.com/jobs/companies/global-market-solutions-gmbh/ai-consultant-german-speaker-frankfurt-31389
Kundenberater (Chat Support Homeoffice),Telis Finanz,Berlin,https://www.arbeitnow.com/jobs/companies/telis-finanz/kundenberater-chat-support-homeoffice-berlin-143906
IT-Administrator (m/w/d),Intercon Solutions GmbH,Heidelberg,https://www.arbeitnow.com/jobs/companies/intercon-solutions-gmbh/it-administrator-heidelberg-161123
IT-Administrator (m/w/d),Intercon Solutions GmbH,Alzey,https://www.arbeitnow.com/jobs/companies/intercon-solutions-gmbh/it-administrator-alzey-456723
IT-Administrator (m/w/d),Intercon Solutions GmbH,Darmstadt,https://www.arbeitnow.com/jobs/companies/intercon-solutions-gmbh/it-administrator-darmstadt-428126
IT-Administrator (m/w/d),Intercon Solutions GmbH,Mannheim,https://www.arbeitnow.com/jobs/companies/intercon-solutions-gmbh/it-administrator-mannheim-276993
IT-Administrator (m/w/d),Intercon Solutions GmbH,Wiesbaden,https://www.arbeitnow.com/jobs/companies/intercon-solutions-gmbh/it-administrator-wiesbaden-166533
IT-Administrator (m/w/d),Intercon Solutions GmbH,Mainz,https://www.arbeitnow.com/jobs/companies/intercon-solutions-gmbh/it-administrator-mainz-370522
"AI Product Owner/in mit Projektmanagement Skills (m,w,d)",PromptingBirds GmbH,Munich,https://www.arbeitnow.com/jobs/companies/promptingbirds-gmbh/ai-product-owner-in-mit-projektmanagement-skills-mwd-munich-497858
(Junior) Email-Marketing Manager*in (all gender) hybrid,Sternglas GmbH,Hamburg,https://www.arbeitnow.com/jobs/companies/sternglas-gmbh/junior-email-marketing-managerin-all-gender-hybrid-hamburg-294975
"AI Workflow Developer/in (m,w,d) - in München oder Berlin",PromptingBirds GmbH,Munich,https://www.arbeitnow.com/jobs/companies/promptingbirds-gmbh/ai-workflow-developer-in-mwd-in-munchen-oder-berlin-munich-202170
Fachprojektleitung Bodenmanagement/Tiefbau (m/w/d)  Berlin (10% Remote),PMP Projektmanagement GmbH,Berlin,https://www.arbeitnow.com/jobs/companies/pmp-projektmanagement-gmbh/fachprojektleitung-bodenmanagement-tiefbau-berlin-10-remote-168619
Business Development Praktikant (m/w/d) - FlixTrain,Flix,"Berlin, Berlin, Germany",https://www.arbeitnow.com/jobs/companies/flix/business-development-praktikant-flixtrain-berlin-164684
Business Development Praktikant (m/w/d) - FlixTrain,Flix,"München, Bavaria, Germany",https://www.arbeitnow.com/jobs/companies/flix/business-development-praktikant-flixtrain-munchen-332155
Business Customer Growth Praktikant (m/w/d),Flix,"Berlin, Berlin, Germany",https://www.arbeitnow.com/jobs/companies/flix/business-customer-growth-praktikant-berlin-302704
Business Customer Growth Praktikant (m/w/d),Flix,"München, Bavaria, Germany",https://www.arbeitnow.com/jobs/companies/flix/business-customer-growth-praktikant-munchen-93883
